"merge.1","merge.2"
-267,-1314
-2250,-4700
-79,-4027
-1027,-3578
-1928,-3227
-1968,-3362
-450,-1543
-1691,-2544
-966,-2725
-396,-1803
-792,-3399
-365,-2403
-2020,-2158
-1601,-4432
-2038,-4427
-727,-3833
-1319,-3300
-994,-3307
-3049,-3197
-1561,-3669
-1022,-2052
-228,-2805
-4161,9
-1359,-3688
-131,-2065
-24,-510
-1883,-3426
-4309,-4666
-2064,-4730
-1432,-4108
-3670,-4042
-988,-1163
-3433,-3555
-3532,-4715
-67,-3691
-3683,-4988
-1695,-3781
-292,-1300
-1834,-1914
-1124,-2795
-2967,-4762
-1231,-4117
-3110,-4156
-620,-2927
-473,-3589
-1076,-3070
-2864,-4486
-1145,-4563
-1308,-4419
-1164,-1428
-3782,-4286
-3769,-3931
-1594,-3746
-854,-4473
-71,-4263
-2642,-4267
-1627,-2281
-3789,-4142
-3134,-3419
-4278,-4609
-2890,-3558
-1497,-3188
-1025,-3808
-3519,-4028
-2767,-3270
-172,-1956
-513,-4306
-1916,-4502
-2205,-4708
-3909,-4287
-546,-1877
-1006,-1120
-675,-3937
-3326,2
-3203,-4895
-1663,-3366
-636,-1292
-1829,-4974
-4086,-4865
-253,-2363
-3242,-3580
-1068,-4398
-3120,-4779
-4199,-4305
-1026,-2706
-2667,-4366
-1019,-3251
-132,-4452
-2960,-3002
-797,-3832
-1261,-1520
-209,-3534
-929,-4538
-3935,-4737
-262,-354
-3009,-3472
-1156,-2262
-2197,-3995
-1616,-3164
-573,-2528
-893,-956
-1157,-4437
-159,-3804
-2157,-2919
-1414,-4816
-617,-3263
-147,-3917
-3480,-4466
-998,-4912
-3256,-3900
-1287,-1516
-677,-2785
-1445,-2936
-2142,-3058
-1087,-2938
-1844,-3528
-2496,-4665
-1648,-2511
-2762,-3970
-402,89
-1237,-1933
-241,-1374
-516,-4924
-109,-2752
-3717,12
-1734,-4795
-317,-3684
-2435,-3646
-2572,-2643
-1246,-1884
-297,-4055
-1266,18
-777,-2497
-2141,-2540
-1114,-2492
-689,-4886
-2377,-3807
-470,-1339
-1171,-1984
-3761,-3969
-1779,-2945
-2844,-3871
-3766,-4971
-1187,-1729
-557,-3500
-1131,-2275
-1502,-3877
-1341,-4295
-610,-1835
-1055,-3902
-561,-4436
-2465,64
-4476,-4490
-3135,-4241
-1167,-3412
-829,-1141
-2410,-3339
-330,-1860
-4124,-4396
-1761,-2846
-1307,-3488
-529,-2251
-3182,-4304
-2594,-2976
-1921,-2593
-4450,-4953
-1234,-1464
-3084,-4364
-1152,-1948
-2072,-3582
-2887,-3866
-2621,31
-2306,-3402
-655,-2946
-152,-176
-973,-2488
-73,-1946
-2555,-3418
-1178,-4441
-378,-2233
-4207,-4442
-1666,-4760
-3988,-4874
-2301,-3712
-3526,-3814
-2144,1
-2837,-4077
-4382,-4512
-3505,-3793
-742,-4274
-2028,-2804
-1684,-2716
-4247,-4880
-2429,-2893
-3703,-4501
-289,-3481
-2898,-4647
-1720,-2003
-1260,-4562
-38,-4061
-1355,-2543
-35,-1479
-890,-1653
-942,-1994
-2557,74
-857,-1904
-662,-740
-1361,-4471
-3949,-4065
-2679,-3813
-927,-2830
-2224,-4189
-210,-816
-963,-3702
-213,-2428
-2167,-4659
7,10
-708,-2104
-2649,-2662
-3466,-4324
-154,-2885
-1862,-4012
-3143,-3460
-985,-4470
-3698,-3827
-3855,-4778
-3842,-4552
-3286,-3510
-2279,-4112
-233,-1879
-4813,-4879
-2959,-3431
-2738,-3320
-717,-1338
-2326,-3090
-2087,32
-976,-2054
-1525,-2044
-2295,-4159
-2182,-3109
-1982,-2422
-1749,-2171
-3043,-4975
-3133,-4196
-631,-2648
-3527,-4707
-663,-2049
-1624,178
-4021,-4303
-3553,-4201
-1220,-4496
-382,-2183
-564,-4918
-2421,-2857
-1842,-4407
-2471,-4527
-2023,-2333
-1797,-3739
-716,-2588
-2717,-3116
-1073,-1727
-3592,169
-339,-2124
-373,-4654
-4435,22
-3574,-4264
-1277,-4957
-701,-2398
-3280,-3643
-3752,-4996
-904,-4031
-31,-1534
-3309,-4033
-4399,-4802
-454,214
-887,-3017
-483,-1404
-4064,-4926
-1615,-1973
-1148,-4359
-469,-495
-55,-3476
-4272,-4723
-2069,-4054
-2487,-4118
-2758,50
-2753,-3264
-448,-3953
-1369,28
-507,81
-2822,-4976
-1462,135
-1320,-3635
-928,-3221
-877,-4861
-2093,-4939
-3490,-4735
-1016,-1589
-2766,-3315
-2083,-3098
-3190,-4710
-578,-2190
-2838,-3531
-1858,-4633
-2010,-2873
-4169,-4248
-4343,195
-1644,-4245
-1352,-3830
-3176,-4420
-2480,-2510
-2225,-2254
-101,-3591
-3075,-3159
-2682,-4478
-372,-4675
-772,-898
-4024,-4422
-2344,-3382
-612,-4671
-108,-4547
-3955,-4522
-828,88
-186,-4224
-2553,-3823
-168,-1290
-1180,-2829
-2285,-3146
-2813,-2952
-4181,-4787
-577,-2390
-866,-3843
-653,-1165
-2578,-3385
-1764,-4572
-456,-2068
-482,-3974
-2331,-3169
-3794,-4788
-3044,-3156
-619,-4960
-451,-3632
-3633,-4345
-1880,-3588
-760,-2203
-537,-1673
-84,-462
-4109,-4570
-2600,-2812
-33,-1512
-2308,150
-1394,-1459
-1233,-2057
-4794,-4860
-439,53
-3641,-4128
-1334,-4410
-4613,-4688
-1474,-3904
-1250,-4600
-589,-2754
-719,-4115
-1763,-1999
-2079,-3841
-3168,184
-1230,-4682
-824,-1328
-1493,-2200
-2131,-3760
-4107,-4846
-2212,-3062
-136,222
-782,-4385
-69,-3446
-118,-2469
-193,-3779
-407,63
-1168,38
-2732,218
-4016,-4977
-3165,-3775
-1781,-3604
-4377,-4950
-221,-4213
-399,-1838
-2387,-2881
-4408,-4869
-3984,-4460
-672,-2409
-3557,3
-885,-2818
-2615,-2973
-94,-4177
-4909,-4916
-623,-3883
-1061,-4243
-3668,-4438
-1282,-2051
-3822,-4453
-2277,-2800
-25,-1791
-3568,-4346
-300,-2048
-137,-3390
-1505,-2825
-769,-1396
-1154,-2668
-2504,-2891
-1638,65
-1650,-3314
-412,-2221
-1540,-1547
-800,-3598
-1205,-4867
-812,82
-2358,-2884
16,188
-156,288
-2134,-2378
-86,-142
-325,-2223
-1436,-3127
-773,-2920
-3661,8
-2565,-3773
-2526,-3068
-2309,-2636
-2773,-4084
-1223,-3648
-3457,-4680
-3459,-4608
-2824,-3962
-1427,145
-224,-1443
-1123,-1449
-989,286
-650,-4818
-766,-3155
-1185,-4573
-818,-2111
-446,-4842
-1611,247
-329,-3749
-1934,-3340
-3154,-4645
-2828,-3576
-909,-4500
-938,-2369
-864,-4175
-642,-4132
-4910,54
-674,-2832
-1092,-1750
-2026,-2684
-527,-2727
-648,-1360
-236,-3771
-1788,-3167
-2147,-3267
-2288,-3215
-2591,104
-366,36
-2315,-4336
-2980,-3196
-1129,-1831
-2284,246
-2304,-3348
-1920,-1935
-3345,-3380
-246,-2486
15,98
-2074,-2414
-234,-4298
-3001,-4773
-4955,47
-3042,-4592
-2757,-4958
-859,-4863
-3294,49
-274,-2129
-36,-600
-1702,26
-4123,197
-340,-4052
-3057,-4638
-4015,108
-3952,-3967
-3699,-4771
-2809,33
-2412,-3031
-1869,-3148
-1368,-2102
-4932,106
-2613,-4937
-1969,-2688
-1600,-2906
-3373,-3562
-475,-3425
-2700,-4038
-1667,-4387
-1592,-2287
-1593,-2189
-2984,-4702
-726,-3405
-323,-419
-3130,-3342
11,76
-472,-847
-3634,-4195
-1722,-3323
-3564,-4503
-1043,-3438
-2778,-4443
-699,-2788
-1189,-2979
-630,-1903
-1155,-2568
-160,-4130
-1819,-3587
-1683,-3072
-2685,-3463
-2560,-4544
-206,-690
-1799,-4259
-277,-4288
-1661,-3199
-3916,-4589
-2457,-4498
-1316,-4090
-2081,-4325
-3398,-4393
-872,-4491
-3825,-4743
-2703,-4661
-1012,-2759
14,189
-1701,-3377
-22,-4984
-3700,-3926
-4203,-4714
-130,-3160
-1494,-2558
-2035,-3977
-430,-3617
-3543,-4884
-3764,-3911
-121,-4265
-2866,-4542
-4530,-4739
-865,-895
-4316,-4340
-2372,-2513
-286,-1200
-543,-1364
-1158,-2689
-1974,77
-1863,-3025
-1790,-3434
-826,-3417
-4850,51
-2554,-3351
-1596,-2001
-1630,458
-1217,-1830
-761,-3971
-813,-2856
-1545,-3599
-3898,-4236
-2210,-4670
-1365,-4040
-1962,-4484
-2708,-2826
-2620,-4451
-2710,-3194
-3231,-3246
-1853,-3093
-1424,-2981
-1757,-3375
-2747,-3989
-2631,-4875
-2770,-3128
-754,-1716
-4878,185
-1313,-4046
-98,-3880
-1645,-1767
-4145,337
-897,-3000
-4856,-4979
-731,-3420
-1175,-3204
-3258,-3439
-2956,-3370
-2114,-2921
-3998,-4949
-694,-3593
-3092,-3963
-2847,151
-128,-3117
-2311,-2871
-1735,-4001
-1889,-2017
-3022,-3715
-364,-3277
-1855,20
-3630,-3677
-621,-4758
-3786,-4941
-2823,473
-2002,-4292
-4631,94
-420,-2515
-1970,-3198
-3961,-3992
-2063,-3631
-1386,-2734
-2986,90
-3551,-3602
-4521,-4844
-170,-2106
-1457,-2660
-823,-4931
-2253,-3878
-964,-2392
-2780,-3750
-2947,13
-1668,-3311
-95,-2650
-846,327
-111,-591
-2687,-3819
34,131
-1808,-4516
-199,-558
-3726,-4386
-3653,-3679
-535,-3644
-2811,-3404
-428,-1709
-2434,-4222
-700,-3627
-3157,-3295
-465,-787
-849,42
-1952,404
-884,-2163
-158,-2595
-4367,-4697
-1515,-1821
-575,-4890
-1015,343
-83,112
-2096,-3046
-795,-2953
-2018,-3733
-3535,-4133
-1074,-2918
-1789,-1823
-3515,99
-2446,-2517
-2283,-4158
-1854,-4183
-1771,67
62,147
-273,-2152
-2690,-3785
-1121,-3408
-59,-4919
-1705,-2509
-3865,-3929
-87,-1717
-2503,-3581
-1775,-1813
-2634,-3184
163,281
-1429,-4454
-2034,-2935
-1269,-1678
-61,-3111
-1311,-1865
-4170,5
-4081,140
-3732,-3840
-2184,-3185
-2931,-4980
-1619,-2456
-1489,-1711
-615,-1059
-835,-1752
-4841,-4888
-1253,-3372
-23,-57
-39,-1456
-1485,-2910
-4221,-4615
-3293,254
-1037,-4469
-350,-645
-2228,175
-881,-2290
83,87
-845,-3088
-1738,-2966
-1685,-4230
-2025,154
-684,-3218
-1207,-1798
-756,-1704
-2792,160
-2432,-3259
-459,-3927
-485,-2500
-263,-4249
-3529,-4893
-1125,-2582
-53,-562
-1639,-2569
-2321,-4848
-220,-2749
-1832,-3056
-2121,-3253
-2769,-3784
-698,-1263
-1572,-2855
-2508,-3637
-3312,244
-2084,-3790
-1173,-1199
-2302,-3815
-265,-2191
-1262,-1912
-3772,-3958
-635,-1800
-652,-3863
-1347,-1612
-155,-1586
-894,-908
-319,-1986
-841,-4276
-4462,231
-122,-1385
-768,-1919
-190,-3731
-342,-515
-3611,-4162
-4457,-4991
-753,-1618
-734,-3556
-3283,-3577
-1018,-2032
-2880,-2899
-1134,-2186
-4074,25
-915,-4639
-405,-926
209,471
-4548,-4793
-4694,-4901
-1437,-4256
-3908,-4679
-3006,-4122
-1690,-4150
-1964,-4412
-6,-499
-733,-1040
-556,-4173
-2807,-3682
-572,-3355
-216,-3152
-1285,261
-1710,-2968
-1302,-4528
-2300,-3857
-2187,-3319
-3754,-4535
-2580,198
-4640,373
-3437,39
-1256,-2652
-1049,-2673
-3740,-4701
-1101,-2606
-1881,-3275
-4724,56
-304,-4581
-1617,-3236
-1568,-4641
-3347,-4619
-1905,-1951
-1053,-4434
-4578,-4587
-1555,-3934
-125,-1102
-356,-2101
-338,59
-2969,-3272
-3085,4
-2122,205
-1682,-1980
-344,-1218
-1718,-3736
-861,-3845
-487,-2772
-2985,-4809
-2091,-2819
-1331,46
-3973,-4244
-3262,110
-3914,-4166
193,476
-1891,332
-2448,-2473
-1342,-1818
-4315,-4752
-789,235
-327,-2085
-1410,-1843
-80,-3521
-3624,-3735
-2136,242
-1160,-1760
-518,-4784
-1651,-2849
-3514,-4800
-2970,-3539
-178,43
-1329,-1930
-871,-1550
-634,-892
-1048,-2472
-1407,-4381
-133,-2247
-2055,-4404
-1159,21
-2859,-4238
-3453,179
-3663,-4405
-4388,-4580
-641,-1655
166,507
-2577,-4477
-9,-2075
-352,-4445
-1680,-2149
-596,-2834
-504,-1954
-3756,289
-4805,-4864
-951,-4719
-2342,-2951
-2655,-4216
-1383,-1987
-3485,350
-2718,-4000
-1581,-2562
-891,-2573
-359,-2148
-1635,-3852
-1023,-4421
-416,-1784
23,553
-585,-2282
-244,-1426
-4792,58
-259,-1677
-280,171
158,378
-666,-923
-4334,267
-3943,540
-85,-415
-90,-3455
-710,-2761
-238,-3600
-463,-2030
-2564,-4328
-2164,-3468
-3247,-4329
-2850,153
-3788,-4456
-1876,577
-2619,-4998
-1299,221
17,45
-1556,-2883
-1700,-2397
-1557,-3217
-584,-2639
425,567
-2530,-4397
-1723,-4722
-30,-2536
105,138
-658,-4365
-1816,-3947
-2647,-4308
-1109,-3206
-541,172
-1566,287
-2082,-2876
-1745,-4160
-2266,-3356
-1440,-2512
-1990,547
-1113,526
-1336,233
-3040,-3925
-946,-1848
-13,-42
-2865,-3336
-1652,-3289
-1153,120
-1327,-4750
-685,-4092
-843,-1620
-198,-1595
-903,-2098
-2683,-2926
-2638,-3220
-2978,389
-1983,-4139
-3136,24
-1400,190
-104,226
-1197,228
-764,-4742
-2665,552
-912,-3033
95,194
-4069,-4571
-4505,177
-2632,-3812
-1958,-3729
-4904,420
-2552,-2755
-1945,119
86,668
-4428,-4664
-2214,-2637
-440,-3721
-958,768
-1748,-3968
-139,-1521
-3192,-4071
-4801,-4928
-2359,-4093
-328,-3341
-1008,-2628
132,797
-3718,-4464
-10,-1526
-395,269
-4553,380
-1632,629
-2468,-4913
-869,-3391
-3464,-3757
-3381,-3456
-200,-4418
-3414,245
-743,-1441
-1917,157
256,323
-7,-1537
-920,250
-2401,73
-3674,170
-28,-2993
-123,-1405
-2436,-4126
-3921,-4651
-521,-4643
-925,-2584
-1560,-3586
-4959,437
-272,-1927
-1032,-2908
-1146,-1272
-1496,-4972
-4355,-4781
-1229,-4992
-116,-2603
-2698,-3094
-4330,70
-3298,446
-979,-3520
-2402,563
-896,-2166
48,410
-519,-1554
-1133,-1736
-360,394
-686,-1996
-4969,330
-4111,-4868
-2833,-2889
-1063,-1228
-992,525
-790,-3112
-1240,452
-1714,-4942
-874,-3763
-779,79
-1794,-1972
-2270,-4858
-3082,341
-65,-2882
-1755,-3941
-298,113
-491,-2443
-3734,75
-1091,-3007
-1510,-4164
-3153,329
-668,-2407
-3452,342
-467,258
-2948,-4444
-1425,-1450
292,305
-68,-2852
-1243,-1909
-1337,671
-2274,-4291
-4602,-4828
-4604,100
-1380,-4225
-1873,-3665
-4509,-4983
-1943,96
-81,-3697
-153,139
-3719,-4147
-2467,-4380
-2117,-3491
-934,220
-1082,-1713
570,861
-2050,-3536
-2226,-4026
-2996,240
-604,203
-2815,368
-3288,-3831
-3230,-4612
-27,367
-2238,-3494
-3854,215
-540,-1793
-548,-3882
-1212,-2449
-16,-4925
-2011,-3027
27,695
-3235,-4550
-4740,-4749
-606,-3306
-1814,-2644
-580,-4425
-1754,-2328
-2415,388
164,173
-4044,-4699
-2356,68
-2139,-4803
-4746,395
534,714
-3673,-4777
-1384,-4005
-1363,502
-4866,101
-345,-2185
-3352,-3436
-276,-3305
-3,310
-501,-1010
-427,-2346
-762,-2519
-1902,-3302
-2376,-4082
-3817,295
-3304,-3704
-3051,-4242
-3680,-4885
-1726,-3244
-249,-2008
-177,93
-3518,-4400
-4352,-4356
-803,-3548
-388,468
-2379,-2922
-1219,-2341
125,621
-4050,533
-1378,-4536
-736,-3647
-283,-2352
-1433,-2943
-2209,-2641
-349,129
-1498,-3149
-4060,-4310
-4057,-4946
-977,-2316
-1477,-2549
-3623,480
-4614,393
-1664,252
-3435,336
-2357,85
-4119,960
-4332,681
-4648,255
-2181,262
-2155,-2349
-1976,241
-1675,-3208
-1098,-1522
-2360,-2556
-3544,-4279
-434,-1578
-1011,445
-58,-4585
-586,-3271
-921,155
-4098,-4120
225,574
-875,-1924
-3572,-4506
-2990,646
-3983,-4871
-3999,-4584
-3867,-4676
-1094,-2816
-588,-1487
224,748
-240,-3047
-4239,508
-984,-3407
-1796,-2886
-3996,91
-643,-1524
-3748,628
-661,-3181
-237,-900
-914,361
-732,-4986
-1837,35
69,296
-3240,55
-429,-2551
-1851,-2368
-436,-2494
-207,-3474
-2230,-2289
-1535,-3482
-2268,744
-2516,141
-2798,-3318
-32,-1137
-2592,-4513
-4080,694
-590,-799
-1192,-2116
-855,-1326
-1209,-4338
-1580,-3237
-3106,-4045
-1458,-2323
-628,-2424
-3172,37
-889,-1553
-1491,-4523
-4167,-4770
-1694,-2458
-194,730
-1303,-1358
-4934,348
-1273,-1322
390,893
-3052,615
-3509,-4824
-1992,-3678
-3765,-4857
-1573,-3610
-284,-1296
-3711,-4721
-471,-2799
-112,-3549
-1703,541
308,456
-1248,-1907
-2814,481
-2156,-3330
-1119,-2559
372,871
-4148,612
-706,-4433
-1198,-3811
-3274,180
-1870,-2751
-346,-3386
-3173,-3409
-1812,-2547
-1864,726
-2399,-3222
191,358
-2453,-3753
-1446,-3141
-394,186
84,560
-821,-2037
-3638,-3940
-3233,-3284
-3650,-4620
-185,-1020
-3015,-4208
-709,-4373
-2482,-3774
-250,-4873
-2153,-2381
-4472,666
-802,130
-1421,-3502
-1144,-4008
217,290
-1162,-1213
-819,-3844
-1971,-2058
-3175,558
-3035,422
-3565,-4574
-1894,-4041
-2645,-3139
-1003,-2408
-4275,-4532
-34,-1351
-3656,-4668
-2045,-2337
-1959,-2243
-166,-3458
-4539,472
-3533,325
-1590,-1770
-2796,-2955
-2047,-3601
-3216,-3575
-565,-2019
-4219,-4323
-252,-3393
-659,-3292
-2385,-4165
-952,707
-4475,430
-3475,-3797
-4191,276
-737,-3150
-618,-4017
-387,-1941
-4767,450
-4896,733
-4632,538
-3776,-4870
-124,-2447
-362,-639
-355,-4891
-2067,-2353
-2992,-3089
-1514,-2664
-4342,103
-196,-1391
-4300,1029
-271,435
-318,-2059
-1769,-2974
-2140,-4483
-3276,-3387
124,1099
-1330,-4448
-3620,-4935
-302,-3239
-460,-2894
345,548
-1926,-2888
-268,-4499
-3980,142
-814,-1993
-784,418
469,834
-783,-4920
-2771,66
-3428,-4497
-948,-3317
-2659,-3174
-113,-4101
-1184,-3542
-932,-2546
-4240,114
148,331
-667,-3137
-2611,-2916
-75,-4073
-3751,972
-4956,239
60,299
-308,-1466
-544,-1753
-1100,-3716
-1090,272
-226,-2241
-3161,-3959
-3991,-4383
-3659,-3676
-1013,-4649
572,874
-3713,-3720
-2697,503
-1679,-1728
-314,-4621
-793,-2848
-2998,690
-1147,-2208
-820,-2143
-550,1000
-2879,942
-833,-3530
-2366,-2674
-3265,720
-3018,116
-4379,613
-175,680
-3282,-3803
-481,-1583
-3214,326
-4906,402
-1936,-4281
-1291,-2261
-161,-4799
-4667,1005
-134,699
-1733,-2542
-2252,-3912
-222,-2417
-52,-105
-1376,-2076
-3629,-4577
-2324,-3171
-3608,-4370
-4751,274
-2123,691
-755,-2330
-1455,-3343
-1216,899
-2,-4644
-4253,-4459
-3041,-4923
-4083,731
-291,111
-1867,-4131
-2260,-3363
-1732,304
-3019,41
-1060,-4391
-511,-2135
-3954,938
-1465,-4105
-4947,324
-251,-1042
-3303,44
-3802,-4797
-2161,-3516
183,230
-563,-576
-2625,-4179
-3470,-4250
-2614,-3590
-579,-673
-1774,-3571
-809,-2722
-1041,-2245
347,682
-258,-1057
-2870,-3666
-2474,593
-1064,298
-570,-4806
-3212,-4467
-852,-2858
-3497,438
-2240,-3036
-1693,384
-2299,413
-3905,625
569,696
-2384,492
-1892,206
-1513,-2535
-980,-1085
-1621,156
465,1142
-2235,-2501
-4068,364
-2995,-3162
-146,-1044
-3024,-4270
-260,-4508
-3875,192
-1482,211
-750,-4019
-1438,-3639
-2000,-3876
128,1177
-1961,-4395
-1054,-2576
-144,-2533
-370,-3986
-149,-3081
-943,-4035
-4786,815
-417,-1938
-3724,399
-2521,-3966
-785,-2791
-91,-838
-3890,-4353
-3003,-3932
-3770,-4622
-1861,-4834
-1401,1100
-3406,653
-2726,-3170
488,803
-1849,-4894
-974,123
-1646,-3060
-4533,291
-781,-5000
-969,-2944
-1776,415
-786,-4754
-1430,346
-703,-1350
-862,-1412
-335,-1868
-2169,-2437
-424,-4703
-2954,-3078
-2244,-3910
-3990,309
-1135,-2383
-4744,610
-4899,545
529,561
-367,-1214
-413,-723
-683,-791
-1809,-2787
-2537,-2541
-374,-1636
-4763,535
-1473,-2661
-840,279
-2548,-2699
-8,-616
-822,-2975
-4089,474
-4561,-4987
-4414,-4745
-2756,316
-1354,-2338
-1824,-1845
-559,-4271
-1747,-3887
-2479,-2739
-2999,371
-1899,-2232
-955,-4378
-99,-724
-656,-1536
-1840,-3783
-1035,-2278
-444,-4192
857,932
-608,-1251
118,133
-343,-1349
270,409
315,620
-2602,-3180
-1488,-4258
-3504,-4394
-3451,897
-3384,-3805
-1001,948
-1712,-3299
-15,-1989
-825,-2861
-680,-775
-741,-1744
-1692,282
344,528
-4312,478
-2965,594
-74,-629
19,97
-310,764
-1080,978
-3708,-4228
-3597,6
-1953,-4237
-1318,-4262
-21,-3048
-2249,-4277
-77,-2506
-174,-4214
-181,284
-457,806
-2413,510
306,377
-933,-2053
-114,-2895
-858,-3918
-4113,-4417
-294,-4837
-4826,590
-1756,-3923
-2192,-4461
-3432,421
-1072,-3140
-1739,-4686
-157,-644
-2627,-3501
-4049,424
-2704,334
-403,-4335
-4154,542
-4845,-4847
-1172,-2801
-3864,-4954
-3255,-4823
-3869,92
-947,951
-2913,686
441,532
-517,703
-940,-4029
-993,-2797
-2745,-3349
387,1182
-431,-1562
-873,370
-4541,930
275,280
-788,-4375
-103,-2669
-3874,376
-2746,-3371
234,884
121,351
-1895,-2193
-3422,238
-568,-1257
-2713,-3195
-2373,-4194
-1281,-2120
-4862,647
-2450,-2711
-2923,-3894
-361,1203
-1670,-4756
161,283
-4317,-4489
-215,-2145
-1002,873
-4307,1075
-3818,117
-917,-3837
-50,-842
-3824,719
-2237,-3012
-945,-4136
-1183,-3119
-4114,355
102,313
-4603,71
-1758,1396
-1202,551
-2462,414
-678,-3243
-1570,765
-433,-4610
-986,-4321
-2977,-3004
-1988,-2939
461,864
-3861,1006
-2297,-2340
-3095,-4206
-1532,-2286
-97,-4582
-245,-626
-3907,219
-2334,-4465
-1940,841
427,663
-1028,-3429
-341,340
72,297
-1949,-4755
-3881,-4952
-2220,162
-93,-2862
-714,-3671
-1116,440
-1190,-2271
-1875,-2626
-3964,-4833
-1602,-3826
-3105,-4827
-632,1330
-203,649
-1467,-3651
-1995,-2962
-478,-2046
-679,-2748
-212,264
-1806,-3030
-1103,181
-880,-4043
700,1150
-4229,152
-1142,-3083
-502,-3209
-334,664
614,1373
202,263
-3443,-4488
-1344,667
227,1489
-2451,1198
-492,-1241
479,882
-2461,633
-721,278
-4290,1082
-1777,454
-1297,369
-834,-4843
-1039,-1649
-3846,1044
-2371,-3261
-4656,80
-752,-4772
-4575,611
-1166,-3471
-863,1141
168,651
-4798,1341
-808,-1805
-2657,-3099
-3401,820
-2404,-4515
-1371,-3223
-2845,467
-2915,849
419,795
208,1382
685,847
-2109,-3892
-937,-2964
-44,-1007
-458,-2194
-2744,-3333
-2658,1125
-982,-1021
-248,-4922
-1549,-4384
-1271,-4311
869,900
-1605,-2705
-2860,-3473
-1276,-2460
-383,-2041
-1542,-4480
-167,1058
-2736,-2932
-371,-2869
-3066,1118
-26,-324
-853,-4494
-758,-1325
-1128,1215
-4626,881
-182,-311
-2696,1014
-3413,302
-1539,-4882
-2231,-3123
-669,-4440
-1721,-1731
-2070,-4368
-3693,-4830
-4485,-4997
-702,-3301
-106,319
-3229,-4231
-1942,-4712
-445,-1631
499,1188
-767,-3922
-607,531
-3618,460
-581,-805
-3125,-4235
-353,-4695
-1017,-1517
-3652,909
-2332,-3982
-1132,845
-3889,658
586,968
-1859,-4785
-117,-2590
405,908
-2077,-4314
-4320,-4392
-141,1191
-205,-1340
-3860,-4970
-1079,742
-919,-2477
-4709,734
-913,-4099
-688,-3896
-191,-2841
-1062,303
-1850,-3820
257,1011
-3450,-4482
165,852
-3768,1218
-326,-2897
403,495
-2012,-4030
-4333,1034
-2218,786
-3163,516
-3626,-4999
-2267,1416
-2760,933
-2354,-4808
-3379,-4517
249,608
-1460,363
-801,587
498,555
-1696,-3344
-2901,1377
-232,582
-830,787
-512,339
-693,-2892
-1245,-4618
-3226,727
-165,698
-506,-1288
277,1070
335,708
-4416,497
-1874,-2987
632,814
-3508,862
-954,-1476
-601,-2146
-4835,1057
-2126,-2917
366,1395
-2903,-4226
-1967,115
-1795,519
136,1129
-4390,-4411
-1741,-2681
-225,1479
-164,791
-3291,407
-1607,386
-4629,982
-1169,-4567
-624,-1435
-2100,-3421
-1698,-2115
146,885
-965,-2853
-2802,813
-2765,-4002
-1444,-2522
-1086,-2431
-2317,-4617
432,1403
-3360,-3707
710,799
-611,-2188
-2319,-2723
-1588,-3552
-348,-3213
-269,-2624
-3554,539
-447,-4696
-480,-2561
-1689,-4409
-3687,-4627
426,950
-3979,78
-2272,-2598
-421,-3260
655,1297
-1099,774
265,1095
-2694,511
-4810,1530
-1442,1209
-19,-4623
-4022,40
-401,-637
-2016,782
-115,-4727
464,689
-1657,-1778
-3723,1068
-2222,-2563
-924,1362
-426,-2532
-622,-2004
-4424,807
-2875,1173
-490,-2423
-4683,543
-1742,311
199,248
356,443
-3859,1510
-3613,322
-3365,527
333,842
-2607,665
546,888
-41,-3479
-2133,1105
-2982,-4817
-3368,-3415
-3614,-3615
-1629,-3477
-1886,-3930
-1182,-3238
-1530,-3129
-1625,-4529
-844,-4036
-765,-2439
-1346,-1911
-1227,-3447
-316,400
-2463,-2840
-856,-1783
-242,-3241
-1211,-1887
-2640,751
-2130,-2198
-2957,-3131
-449,688
-183,-1136
-1286,362
-1280,635
-2586,1154
-4838,-4854
-1706,-4764
-3743,-4908
-3795,-4525
-2616,-3257
-243,-1408
-2061,109
-3658,-4319
717,1311
-4966,1217
-1469,-3523
-640,-2454
-4011,243
-2630,213
-2219,-4630
383,462
-127,-2418
-4313,285
-983,-2730
-633,-2264
-2949,-3888
-3672,865
-3745,798
-4692,1363
-2207,588
-1108,187
317,493
484,609
447,500
271,554
-474,-1585
-996,564
-1932,470
722,850
-312,1071
-102,-3102
212,1445
-1418,583
-389,907
-468,433
-1528,-3308
-1804,704
-3225,-4220
-2296,439
605,1300
-162,-1088
-3561,-4361
-1544,-1897
637,684
253,1603
-3107,-3210
417,513
640,784
-1170,-3013
867,903
-4293,30
626,762
-2406,237
-794,-2505
-3810,-4597
-442,-3454
-1647,-4783
-2466,-3645
-4415,-4507
-1150,-2370
-4180,-4981
1003,1147
-410,-2763
-2347,-3338
-720,-3021
-2362,-3069
676,1022
-2514,-4152
486,754
-3870,-3879
223,641
-2033,-4056
-747,-1151
-2937,-3177
-4018,783
656,675
-2455,-2790
-486,-4872
-2216,126
-381,-1687
670,1503
-2127,966
-288,-4025
-278,-418
-1143,-3014
644,1453
-3838,1286
-2128,1752
-722,1184
-441,-1913
-960,-1357
-453,-4706
-171,-1478
-357,434
1086,1236
-2635,505
-3145,818
-1807,-3709
29,397
-3834,-4004
-2843,-3796
-3714,-4782
-4100,382
-2774,-2934
-2589,940
559,562
-1866,176
-836,-4283
-4940,318
-4254,354
-411,-1194
715,1043
-4594,1138
-1335,537
848,1128
-2382,-3662
-1643,-2789
-3327,1471
-2444,-4889
-3010,836
411,832
-2314,-2928
-3430,-4812
-1773,662
61,571
713,1227
-3205,627
-4268,549
1094,1606
-2336,-2971
490,1238
-1081,-3839
485,1224
-2539,-3798
-3367,863
639,1417
-696,1102
-4013,312
-1058,-2663
-1191,1037
-1005,-3621
-2386,-4831
1064,1287
-4558,143
-995,578
702,1020
-3487,-3695
-4734,879
-4982,496
-1056,-2179
1026,1169
-72,-1399
-4852,482
494,738
349,772
518,921
-4348,1202
-806,-1765
-566,-1294
-2246,-3978
-613,-3738
595,673
436,1161
-886,-4034
-1822,1409
-3023,1493
398,1331
-377,-3545
-2940,-4197
-4586,-4989
-1599,-3147
-526,201
521,1347
300,1242
-2775,-3694
-4051,1322
-2097,-4780
-2520,779
-3987,1337
416,837
-1676,788
-4657,936
-4357,1524
524,752
-4144,107
-879,301
-2820,-4948
-1138,-1332
-4634,431
-4079,819
-4285,-4299
174,1316
1110,1572
-837,1817
-991,204
-3939,1033
-1193,-2618
-1628,962
-3416,-3493
-3467,-3596
-1038,1381
-1836,1605
-1382,-2265
-1343,-2389
-554,-3388
659,1159
-3039,597
-1509,-1960
-494,678
616,1739
-358,-4389
603,1372
-3144,-3337
-1139,-4672
-505,1455
785,1622
-1208,412
-1811,-3211
-1289,-1393
-12,-287
-1998,-4137
-4094,1432
-455,-4900
122,236
-2490,-3396
182,991
-970,-3151
-145,-3059
-270,-4684
-3850,-3975
-3681,1134
-150,-1606
-2821,1573
-3219,-3290
-2507,-3392
596,767
-4204,487
-3603,-4905
669,854
-692,-3913
-1531,634
853,913
643,872
636,1898
536,1928
-1810,827
210,630
-3689,-4360
-54,-745
-386,-3660
-4322,1123
-235,-406
-3696,1802
-2108,-2269
-2420,-4549
-119,924
-47,1213
-3268,-4212
-957,1243
-3737,-3924
604,778
-730,-3710
-3423,307
-4260,-4822
-4104,-4492
-1978,1329
-239,-3279
-2088,-3511
755,801
566,1028
-902,-2394
-1929,52
-1888,-4677
381,1319
-1641,-3228
557,631
-1225,-2374
-1176,-1468
-3862,1407
-1315,-4211
-4129,-4938
917,1832
-2929,448
-2022,-3498
992,1017
-1507,-2896
753,870
-602,-2427
883,1032
-4088,622
-1565,1278
501,1782
517,1744
-4337,599
466,1067
451,1088
-1991,1386
-2335,-4576
-2355,550
-2930,1160
-3394,1226
901,1264
-4,1137
-2310,-3121
159,1115
423,509
-711,986
-1839,1483
-390,-725
-1504,-3249
-687,-1000
-1388,-4853
-763,-907
891,1041
1090,1438
321,926
944,1036
-46,880
1111,1560
-201,-1896
-3332,1222
196,1263
-1265,357
-3946,591
-4705,781
-4205,544
-1915,-2534
-3073,-4070
-4526,314
-2902,-4186
-375,1513
-2242,396
618,771
-3537,-3667
-3297,606
-4636,674
-247,-3097
-443,-2692
-2707,724
453,1133
273,1207
-4138,1819
-264,-3064
-4178,-4832
-2350,-3193
619,810
-4103,-4351
-208,-3563
-1785,1626
475,1024
-1448,-2343
391,1063
-1878,660
1663,1738
-1406,1157
1291,1635
-888,1497
-2950,134
-3325,353
585,1186
-1699,-2912
-2525,1285
-536,-2877
200,953
-120,-1707
-2391,-3622
886,1667
-2567,-4200
-1024,-2329
-953,144
-3378,1885
916,1052
-1686,994
-3522,-4965
-254,-285
-3376,823
-3566,-3742
-49,-2605
-1434,1900
-1923,-4110
-3395,-4599
-1786,902
-1672,-2112
-676,-1379
207,1165
477,1196
-2942,-4481
766,1393
-1389,-1411
-266,-3427
-3856,-4933
520,1193
-2294,1638
1156,1375
-3224,167
-1149,359
-746,1721
401,1654
406,906
-1908,1772
-2729,-4282
929,1309
-1196,725
-3507,-4363
-4266,-4642
-1931,-2416
-1238,1889
-3997,-4209
910,1517
-1367,739
-305,-2195
-2204,758
-2110,1384
-1,-4297
-1642,-4579
-393,1796
-1310,1039
-1268,1391
-2531,-2646
-322,1240
-2633,1259
740,876
-798,-2854
385,877
-1305,-2609
-528,-3122
-2365,-3328
761,1505
-4347,592
-3942,137
-1975,1619
1630,2233
735,1355
266,1629
996,1838
-4176,580
650,1808
-4985,1509
459,677
514,1229
-1415,1731
-4718,1794
-2719,1267
-110,1200
-3383,1826
800,1567
-1264,-3104
811,1488
-2215,-4185
216,1746
-4611,1303
-2202,1845
-3063,1535
-2733,652
-4255,1922
-961,-2234
457,743
581,794
-1762,-4358
964,1424
579,1004
408,898
-514,2008
-2550,923
-180,-1304
-3424,-4182
-1852,1019
-4009,1671
716,1374
320,1256
-2005,-3993
-1373,1320
-4350,701
-2276,-2489
-4047,-4815
-509,1221
780,1410
-4887,2069
-1944,802
-3335,1633
-332,-4053
-315,-4003
-1847,1269
-184,-1130
-654,-3364
-3886,890
-3331,-4531
-2009,-4903
1390,1818
429,1053
-217,-906
-1177,565
-1195,-4564
-1893,-2481
-3045,937
293,945
-2151,1617
997,1734
294,1149
745,970
-831,-2686
-899,-2905
645,958
-461,-3747
1135,1389
-3441,712
-3065,229
-211,-2651
-96,1551
1211,1397
-1118,-1633
-479,1612
-3448,2103
985,1949
-477,-4711
-70,-2735
1066,1557
-567,-1461
-2170,-4163
360,2037
-3853,365
623,846
-2842,1153
-408,-2768
-40,-545
463,1255
-2213,824
-2137,-4921
-3801,-4593
-2318,-2364
-1258,-4911
1092,1490
756,1910
920,976
-1283,1276
-728,2089
-4713,1253
-4127,-4446
-281,1040
-76,817
1048,1151
-3469,1072
-1387,-2426
-1740,-2258
-3512,971
829,1047
-3847,-4187
-3108,1500
723,1994
-140,1167
1232,1724
1101,1760
-910,1334
-92,-1708
642,1470
-5,-1511
822,1793
-1323,1171
-1201,1593
-2113,-2972
1315,1421
-78,-1518
-1828,808
-4624,1321
-4374,952
-780,1465
-1656,-2701
661,2086
489,1401
-2452,-2784
833,1045
-1724,687
-4125,-4149
-466,1719
1112,1281
-4943,530
1201,1665
-1730,-2524
-4540,984
-275,-1279
-1981,515
-1377,1714
-2741,736
1507,2035
1206,1230
-598,981
-484,-3540
-2476,-3296
-3619,-4543
374,1848
-649,-3891
-2878,1451
1179,1519
259,2152
-614,-1084
-148,-1922
1335,1781
999,1478
-1963,-4728
149,2095
-531,-999
1637,1842
1437,1609
1176,1756
776,1544
-4881,1748
-295,973
-4669,975
251,338
491,1376
-2090,1007
442,449
-972,-1569
-202,-299
-503,-1051
830,1904
-497,-4963
-398,-2442
860,1452
-376,-1254
-1174,1975
127,1655
-851,1174
328,428
1271,1778
-2259,-4693
-4851,1543
-2107,-3071
598,1081
1454,2122
-3559,-3567
-4257,995
-2217,1295
-804,-3755
961,1089
-594,-2709
777,947
-1140,-4439
835,1812
57,1292
-3038,1016
-2831,1168
1248,1339
-681,523
-796,-1483
796,1643
1009,1279
-2529,728
-990,1155
-3705,939
-738,1857
-1500,1353
-1697,693
-1126,-3655
-3692,-4032
-4479,1035
-571,1187
-3948,483
-4560,1394
-4685,1245
922,1190
-1096,455
-660,-3334
941,1144
-48,1549
638,747
-4736,828
-1900,927
1023,2197
1615,2075
721,1065
-3273,1990
-1395,-3008
1080,1841
617,2141
-882,1717
957,1223
-839,1515
-2464,760
-11,-2566
1435,2185
-2159,-3791
-4601,1104
746,1494
-163,-3281
-138,-3465
-257,-1321
949,1299
1352,1677
-4402,826
575,2137
1891,2213
-1626,-1833
-3759,504
-1660,-2851
935,2047
1871,2000
-1239,-1671
1284,1706
-713,-1872
-583,601
-1669,1610
729,1098
-2675,-3685
-2348,1246
-3944,2352
-3550,-4468
1219,1686
1228,1919
-313,-2872
648,1290
-2783,-4967
1780,1956
-1529,-2056
1166,2226
1266,1280
-43,1641
-4151,875
896,1139
-876,-2680
-1846,-3400
444,905
-1381,-4401
556,1030
-4993,1076
268,1972
-4650,804
-2178,1061
840,1962
789,989
-2868,-4184
379,1831
1002,1647
-4859,1189
-2263,-3938
2018,2215
-2958,1237
1025,1216
-2653,1122
-1095,1473
-2031,2205
-1551,-3461
1404,1916
1472,2252
-670,-1036
-4559,-4566
-2419,1932
-3369,2492
956,1013
600,1411
851,1458
844,1589
1117,1978
859,889
1436,1440
522,1461
392,1324
-1751,1260
-770,-2307
-1817,1987
-729,-2997
-1110,1804
-1910,-3037
1768,1868
-2174,-3956
1457,1786
977,1430
1170,1314
925,2308
963,1031
-1295,1571
-1348,-3191
709,831
839,1205
-3444,965
1444,1556
-2118,1729
-2089,1693
711,2425
878,1419
741,1252
1696,2342
-4551,1433
-1122,-4023
-715,-2527
1368,1526
1627,1645
-2714,856
1231,1552
-4302,1735
-4157,1091
1001,1840
-1071,-4637
-2666,2438
-1688,2087
1713,2015
-1780,2203
375,1073
-231,866
-1890,1901
-4096,1069
-520,-3762
-1725,-4733
1723,1787
-2810,1340
858,2180
1146,1508
1087,2195
-4227,1720
1434,1621
-2273,-3625
-3026,2581
816,980
-2094,-2165
-2491,1688
1525,2523
-815,-2339
979,1486
918,1894
-1052,1268
-1306,1172
-331,-665
-4511,1774
-3103,-3322
-129,589
-384,-2776
-671,-2493
1559,1640
1520,2341
-1127,-4607
-3442,-4296
928,1460
-3792,2084
-744,-3873
-3250,-4973
-1070,1681
955,1662
-18,-2587
-4520,-4789
-66,-4914
-2693,1405
-2441,-3016
1790,1859
2006,2092
-944,1119
1059,1399
1425,2292
-1665,-2322
-218,-2622
-2062,-4902
-949,1864
-4790,1797
-2963,-3950
232,1038
-4143,1613
1283,1657
1354,2009
584,1467
-704,1477
-1161,-4146
-1345,1365
-4048,672
-89,1749
1745,1771
1249,1631
-3727,-4020
732,1823
1084,1342
-2728,1480
1534,1694
1288,1587
-303,-1471
-2601,-3361
-3985,1531
-3538,1692
1679,2156
946,1096
775,967
-4545,-4936
-3278,-4354
-1247,-4555
1388,1620
-1105,-3664
-4606,1199
-2702,2365
1545,1585
-603,-2827
1827,2263
-3187,1815
-534,-1772
718,2477
1422,1553
-3560,-4362
-850,757
-3584,1441
1668,2413
1251,1873
-3207,-3269
1502,2034
-1210,-2042
-1563,260
624,1905
749,1860
-1181,-2006
-525,2354
-817,-4188
1423,1709
-3640,-4927
-3506,-4804
-759,-2599
959,1570
1008,2104
1550,2098
1392,1562
1015,2543
1306,2357
-901,773
-1115,-1242
1273,2140
-3138,1345
-2794,1807
1214,1809
-1065,790
-188,-4273
-549,-4748
-296,1986
654,1501
-552,-3321
1852,2182
-1481,-2835
1208,1262
-4514,1783
1107,1652
-4915,1825
-1097,-3074
-17,-3972
912,974
-409,-3091
-37,706
-1232,-2484
1476,1680
-657,-3573
914,1608
-4344,2223
737,1658
-56,-1613
705,2110
607,1754
1127,2135
1583,2461
-4898,1598
-1559,-3086
-905,-1768
-4930,1420
-1075,1651
1367,1371
-1301,1485
-4557,1450
-4658,1742
-4458,2053
-1603,1097
-2099,793
2026,2375
1874,1957
1602,2114
-2411,792
1148,1834
1537,1993
763,1539
1074,1431
1270,1712
-2345,-3061
-1871,2466
-2839,1678
1257,1532
-883,-2629
-2475,-4210
-1244,1701
-771,1579
-1802,1561
1012,1116
-1416,943
-2095,1903
-3410,352
1310,2232
1234,1554
868,1867
1326,1346
-4372,1700
-597,1704
-2040,2451
-2168,1661
-29,1241
1529,1636
-2750,-4791
-1815,1777
-2154,1878
-2538,-3513
1599,1936
1773,2154
1308,2176
1164,2579
-3114,-4369
-432,-978
1892,2426
-4349,1642
-987,2423
-392,-4569
-1792,1897
-4917,1120
1632,2358
1594,1601
-2071,1931
-968,1811
954,2655
-1759,-4341
-489,-3758
-20,2298
1158,1181
1054,1801
-757,-2677
-2313,-3981
-4596,983
-230,-4076
-293,-749
1225,1689
-197,-997
843,1083
-3628,2283
1669,2230
1195,1789
-2103,2385
-4907,2108
568,1379
-1270,-2351
1348,1942
-2073,1079
1446,1660
-4280,1830
1351,2482
-2027,-4217
1408,1902
-533,-2150
-3675,2164
1113,1586
-1452,2585
-2014,2225
1312,1474
-2395,-4519
855,2212
-4518,-4524
1152,2216
1289,2196
-4732,-4814
-4063,1639
990,2178
-4598,2117
-2672,-3113
-950,1332
-4673,1656
1060,1828
-2596,1695
-3933,-4726
692,2390
998,2204
-1490,-2175
2073,2776
-1046,-1746
-2604,1853
-1224,2250
-4289,892
-400,-3836
-4820,1566
993,1966
-4252,-4646
-3183,-4403
-508,-911
-2201,750
-320,-2375
-1215,1813
1109,1239
-2743,-2961
895,1344
1576,1757
-1640,2502
812,915
1062,1915
1824,1890
-214,2615
-1918,1634
-3200,-4102
1121,1800
1820,2078
1468,1869
-4155,2307
-4294,2041
-4690,1132
-3495,1456
-279,919
-3087,2058
-1397,1427
-60,1383
1442,2650
-3096,1918
1258,1930
-1235,838
1265,2446
-187,2525
-135,-3232
1254,2560
-587,-2907
-1715,1981
1050,2238
1108,1175
-3570,-4769
1711,1872
-4455,1162
1204,2144
-1674,-2863
1799,2043
-2571,2443
1429,1498
1247,1443
-4223,2415
1788,2167
1920,2038
1506,2317
1124,2166
-3076,-3126
-936,1398
805,2080
-3359,-4691
969,1180
1093,2405
1829,1912
1336,2124
-2105,-2721
-2623,1402
-646,1775
1010,1650
-1362,-3142
-3780,2318
-282,2409
-2904,2989
1536,2042
1192,1896
1212,2052
-2305,-4729
-3851,1604
1046,2595
-4897,2321
-4653,1512
894,2449
1307,2622
-3612,1673
904,1596
-3287,-3706
573,934
-1533,-2280
-189,2607
-3389,2459
-4652,809
2013,2239
1718,2107
2244,2849
-555,-1083
1563,1882
2150,2967
-2039,-4504
1540,2319
1338,2382
-1997,1464
-2180,825
-2211,-3486
-2160,2339
1357,1911
-169,-4663
1359,1547
1114,1644
1400,1833
1702,2379
1924,2301
-3835,1492
-2162,-4720
-4075,2388
1185,1623
-2676,1495
-3266,-4284
-1634,2017
-1925,-4066
-4168,2516
-1719,1727
1163,2181
1305,1675
1233,2376
759,2024
1439,2102
-3245,-3484
1077,2256
-2678,1591
-3118,1565
-4768,1770
1448,2511
2045,2077
2173,2460
-638,-1278
-464,1725
-1737,-4006
2054,2282
-2320,-3606
1666,2797
-4078,-4331
-1577,-2255
-776,-1370
987,2344
-2597,-4376
1722,1863
-3254,1792
-1826,-2445
2568,2661
-2312,-2695
-1375,-4140
1469,1691
-2029,-4067
1518,2328
-64,-4269
-333,1274
2159,2467
1250,1578
770,2513
-4994,2023
-868,1415
2067,2380
-385,-1422
1906,3026
-4849,2597
-1957,-4062
-2585,1798
-542,-1317
-1898,-3234
-3166,-4836
-422,-2781
-1955,-2925
1318,2304
1183,2651
-2396,-4660
-4037,1106
1514,1999
-3616,-4371
2343,2346
1541,2036
1356,2288
1814,2448
1584,2518
1366,2316
-3524,-3728
-582,3035
2259,2602
-3252,-3595
-452,1881
1588,2111
-2036,1672
-539,-1106
1616,1769
1370,2372
-2994,1600
-336,-3960
-1654,1710
1648,2906
-1901,1607
1865,2703
2170,2659
-1659,1178
2169,2431
-930,1131
1487,2016
-1204,1805
1361,2294
1995,2634
1027,3059
-3607,-3951
1733,2174
-2013,-2206
1988,2577
1301,2474
1741,2812
-227,-4193
-2196,1945
1955,2246
-4704,1909
1459,2120
1577,2383
1926,3123
-1417,1558
-3636,2190
1282,1750
1685,2528
-321,-664
-195,1844
-1249,1785
1358,2279
-4681,2790
-3067,2066
1244,1854
-2132,-4605
1839,2320
-2499,2060
2076,2186
1538,1791
1343,1914
-3901,-4058
-229,2674
-493,-774
-707,-1492
2165,2811
1806,2685
1728,2410
2131,2792
-3248,1764
1803,1989
1592,2072
-3903,-4811
2569,2919
1625,2532
-2256,-4747
2483,2632
-1403,-2199
-1637,2237
-3324,1917
1051,1998
821,2177
-4174,2493
1272,1683
1293,1836
1762,2473
-4554,1646
1951,2096
-682,-3178
602,1546
1758,2541
-1267,1581
2277,2472
2236,3036
1413,2637
-2173,1482
-3541,-4635
1590,1856
-922,1328
-1312,-2518
1580,2121
-2086,-2138
-3397,1699
1521,2873
2056,2418
-2545,1364
-1658,1980
-309,2010
2370,2550
1418,2207
-1538,-3158
1323,2736
-625,2327
2201,2596
-2914,2227
887,2002
2350,2874
-1236,-3310
1527,2970
2444,2631
-4510,1707
-4839,1908
-3642,1843
931,2490
-4944,2822
-1587,-4995
2488,2687
2416,2740
-2608,2761
-14,-4819
-1004,1880
1235,2265
2106,2116
-1117,2061
-2656,2334
-4674,2534
1850,1923
-1451,-3329
1858,2021
-3179,1294
2039,2309
1974,2737
-4753,2083
-2764,1984
1462,2030
988,1049
-3478,2903
-2119,2814
506,2927
-595,-1309
-3809,-4687
1959,3087
-3028,2887
-1324,1870
-1298,2245
-2742,-4776
-1453,1568
-2239,1784
-4431,1937
2059,2314
1194,2011
-1089,1736
-4218,2500
2360,2726
1325,2456
1938,2217
-1486,1737
-4678,2297
2454,2881
2374,2586
-3020,2544
-2024,-2361
-551,-2720
-1031,2588
1349,2519
-967,-3032
1414,1943
1056,1851
2400,2621
-2670,2570
-3858,-4251
-867,-3994
1197,1304
-1420,2929
2863,3038
2031,2910
2172,2549
-2367,2546
1950,1969
1835,2497
-1402,1861
2266,2608
1145,1369
2139,2627
-4474,1958
911,2859
1961,2027
2163,2289
2526,3027
2033,2074
-1045,-4234
2049,2062
1574,2913
1954,2605
2293,2900
1126,2465
2206,2437
-3849,1387
2363,2698
1659,1676
-2941,1884
2112,2611
-718,2258
2331,2804
1983,2653
-810,-2021
2029,2889
1765,2960
1847,2704
-2043,2827
2509,2766
-4877,2051
1653,2402
1624,2005
-2459,2484
-4493,2647
-4116,2224
1837,2758
1378,2613
1766,2489
1913,2220
-1372,-1523
-651,2028
2199,2311
2125,2576
2048,2879
1628,2762
1670,2231
683,2257
-414,-3885
1504,2228
-107,-2900
1822,3013
2961,3172
2432,2666
2302,2604
-3744,1708
1726,2686
1136,2068
-4430,2772
1484,1977
-3945,-4765
-3899,2846
1103,2658
-45,-4774
2725,3294
1078,1611
1143,2138
1755,2463
1313,2667
-437,-2227
-88,1522
-1475,2832
-647,-3411
2191,2386
1481,2869
-3872,-4568
2268,2916
-143,-4246
-1579,2399
2609,3131
-593,1821
1491,1947
1883,2128
2457,2851
-3594,2712
2749,2898
2503,3264
1761,2636
2430,2566
2688,2974
2090,2520
-1472,2295
-3690,2274
2276,2947
-4463,2261
2708,3238
2337,2793
-2779,1042
-3965,1934
-751,1886
1275,3047
1751,2680
1447,2838
2209,3078
2004,2882
-2654,576
-3313,2894
-1841,2999
-380,-3725
2559,2757
-500,-1937
1463,2306
-1470,2219
-574,-1827
2574,2935
2221,3215
-255,2105
-1548,-2483
-1221,2251
2183,3122
-2989,2471
2662,3033
2050,2683
-975,1907
-2066,-2924
2696,2836
-1985,-3503
2338,3015
1317,2040
2064,2421
-4233,1939
-3686,2439
1715,2081
2003,2701
-425,2014
2155,3077
-1662,1210
-4426,2553
1575,3361
-2737,2406
-2438,2441
-3517,1703
-423,-3609
-1069,-3546
1963,2192
-2388,-4106
2158,2533
1140,2840
1895,2817
2147,3138
1759,2194
2505,2557
2229,2272
-2612,2175
-1398,-2782
2100,2599
-4761,2763
2313,3407
-1066,-4172
-735,-2292
-397,-2983
-391,-4951
2330,2977
1682,1747
2189,2837
1261,2678
-2470,2693
2539,2616
2689,3056
2384,2578
2800,3085
2485,2813
2820,3216
2119,2777
-538,-1030
1776,2022
-1979,2959
-1409,-1977
2310,2914
1302,2510
1732,1929
769,2567
1385,3375
1948,2975
2499,2825
2280,3326
2538,2928
1941,2515
-971,1964
-3079,2453
-438,3093
-1503,1055
-2080,1697
1475,3273
2123,2964
2290,2323
2287,3075
-1077,1877
2435,2791
-1622,2963
-3821,2371
2063,2296
2892,3176
1979,2699
2593,2940
2134,2417
-4447,2594
2572,2848
2333,3211
-179,-2740
1705,2498
1277,3044
1516,1968
2044,2242
2668,2747
-4301,1499
-219,1533
2401,2676
2745,3030
1862,2481
2925,3025
2143,2937
2445,2507
-1203,2149
-1047,-2712
2414,2834
-498,2427
2407,2954
1595,3062
-3101,2571
-981,-4738
2563,2976
2130,2664
-522,-1275
-2617,2218
-151,2582
1021,2860
-307,-2298
-1447,1674
2479,3343
-3787,2398
2146,2936
-860,-2808
-4840,1876
-2502,-3403
2464,3174
2973,3133
-496,2535
2162,3339
2326,2433
1690,2322
2679,3274
-3124,2529
-2495,-3547
2784,3438
2253,2629
2442,3448
-1274,1935
1899,2336
2369,2635
1327,2551
-599,2085
2422,2779
-3893,3226
-1610,-2478
1795,2133
1763,2419
-126,2458
-3050,3003
2610,2656
2019,2723
-1179,-1495
-3928,1449
-4807,2958
-1598,-3499
3107,3549
-1857,-3354
2270,2930
2349,2496
-3800,-4429
2247,2580
1618,2240
-1825,2751
1511,2504
2198,2944
1887,2478
1866,2584
-4406,3029
2767,2981
2332,2677
2097,2340
-870,2691
-3569,2871
-337,-1576
2717,2743
2127,2480
2994,3005
1982,3221
1597,2267
-560,-2327
-256,2025
2885,2945
2132,2741
-3496,2606
-4662,2700
2547,3016
1582,2908
2564,3160
-4202,-4537
-4825,2957
-2793,-4945
2719,2722
3002,3170
-3115,1380
3032,3104
2429,2470
1220,2997
2082,2378
2007,2537
1130,2540
2684,3469
-1950,2148
-523,-4716
-1186,2720
-3005,-4215
1985,3126
1350,2993
2899,3271
1548,3109
2129,2264
2663,3001
2633,2783
2556,2985
3074,3208
-1906,2592
1698,2208
1946,2909
2070,3227
-1882,2126
1893,2359
657,3367
-748,-1801
2285,3069
1846,3100
1740,2168
3113,3116
2153,2681
-1508,-4821
-4014,3053
2397,2750
-2400,2079
1879,2802
2020,3352
-261,1687
-3829,2305
-1766,-4590
2091,2554
2187,2643
-695,2012
-1856,-4883
-3440,-4855
2367,3282
1971,2781
1649,2839
-2671,2915
2649,2911
1466,3320
-2731,-3848
-532,-1034
-4121,-4583
-3186,2644
3125,3413
-3976,1888
1960,2739
2552,2738
-1499,-2777
2396,2494
-3132,3163
-1604,-4413
2324,2530
2734,2922
-82,2872
-3605,-4929
-1423,2101
-1939,-3445
2469,2669
2368,2748
2768,2823
2620,2672
3061,3528
2452,3187
1523,2890
-1078,3127
3202,3356
-1226,2706
-1787,-2430
-4010,3052
2724,3605
2821,2855
2933,3063
-3654,2249
-2405,1542
-1390,3229
-2715,-2988
2996,3486
2589,3251
-1392,3306
2642,3090
2353,3350
-3799,2093
-918,2151
1085,3453
-2229,2675
1296,2707
-697,2694
1360,3377
2381,2617
2222,2522
2136,2403
-1284,-3358
1684,3290
1875,3501
1967,2299
-3077,3153
2601,3299
1716,2759
1944,2524
2408,2862
1996,2394
2558,2628
-4318,1333
3105,3230
-739,3196
2614,3084
2774,3296
2243,3232
2648,3179
3007,3442
-4588,2300
2865,3222
2348,3124
2583,3181
-2575,512
2428,3089
1927,3581
2260,2548
2487,2731
-1353,2808
2312,3017
2756,3000
-524,1816
-1112,-1567
3206,3253
1991,2845
-3346,-3936
3186,3422
2718,2878
-2836,-3492
1753,3043
2273,2455
-51,3165
-2060,3121
2278,3380
2660,3529
2555,3006
-712,2746
2088,3444
-2574,2670
2844,3647
-4625,3023
-939,2752
2046,2709
2690,2795
3189,3533
2118,3411
2728,3338
2115,2932
1496,3235
2193,2325
1614,3159
-3579,2436
2179,2315
-2485,2527
2735,3050
2803,3297
3234,3314
2646,3137
-223,-1050
2241,3293
1018,3237
2395,3484
3334,3414
3148,3616
2200,2754
-4487,2641
2377,2861
2714,2843
1925,3623
1426,3470
2591,3214
2202,3072
-1966,1664
1406,2884
2486,3073
-4327,2235
2387,3152
3261,3383
-3895,-4007
2536,3593
2782,3583
3079,3317
-1333,-3080
-3350,1940
2501,2638
2275,2992
2769,2799
2764,3592
1743,2654
3287,3428
2990,3162
2831,3534
2329,2411
2877,3678
1976,3009
2920,3256
-811,2630
2866,3241
1953,3571
2829,3516
-962,-1597
2876,3309
-4990,3272
2351,3508
1965,2434
2902,3233
-369,2816
1810,2692
1997,2188
3135,3198
2404,2938
-63,2806
-3741,2904
-3915,3522
-2867,-2909
2612,3045
2160,2521
2517,2905
3149,3548
2210,2705
-4616,3171
3200,3417
1569,2729
2980,3336
-3489,-3701
-3483,3231
2171,3180
3188,3474
1952,2921
2987,3303
2624,3349
2161,2393
2373,3250
2269,3004
2506,3046
1992,3335
2462,3461
2625,3305
2950,3704
2184,3286
-435,-2579
2807,3427
2362,3154
-1506,2875
3315,3344
2730,3265
-1519,2953
1428,3141
2983,3691
1779,2842
-290,1933
3097,3119
-878,2531
3201,3579
2032,3382
3147,3270
-1623,-2570
1412,3037
3197,3401
3144,3546
-1014,2447
3213,3424
3436,3538
-1965,-3657
-3884,3049
2858,3633
-3353,-3806
2561,3400
-1463,2286
3129,3449
-3462,3753
2211,2347
3076,3307
2157,3346
2897,2951
2057,2864
-3730,3510
2891,3494
-4766,3443
3055,3576
2355,3720
3020,3397
2495,3603
3177,3328
1849,2575
3433,3613
-2786,2912
2001,2071
3168,3743
-2817,3081
2794,3539
2099,3095
2590,2780
2965,3312
2600,3614
-4232,2713
2918,3519
-4097,3404
2979,3151
2618,2778
-192,3190
3316,3622
2968,3531
2234,3409
3223,3373
-3201,2364
1298,2623
3421,3500
-4556,3429
2880,3183
3304,3800
2271,3103
-1609,3157
-2523,2753
2475,3210
3058,3164
2867,3638
2850,2978
-1574,3008
2673,3462
3011,3452
2420,3243
-1582,3288
1528,3195
3289,3403
-1743,2248
3112,3451
2389,3884
-2172,3481
-2911,3565
3048,3217
2468,2847
2391,2787
3224,3830
3363,3499
3566,3570
2094,3744
2895,3364
3042,3360
3199,3586
2476,2716
-4968,3322
3492,3747
-2078,2732
-2380,-4698
-1546,2931
3374,3653
2542,3275
1921,3572
3280,3561
2598,3140
3321,3892
2645,3098
3158,3756
3080,3209
2998,3156
2284,3347
2852,3624
2366,3430
2356,3766
-627,2886
2962,3178
3114,3473
1855,3733
-547,-2393
2966,3654
2853,3041
-807,3644
-204,2254
3091,3212
2760,3167
3408,3524
-4198,2345
3357,3765
2828,3083
-2015,-2806
3060,3626
2893,3142
2896,3118
3460,3852
2917,3550
3136,3465
-1552,3302
2744,3351
2972,3389
3266,3664
3440,3650
3710,3785
2984,3515
3111,3904
3034,3877
2826,3132
3057,3086
2888,3437
2765,3051
2939,3467
3225,3454
3370,3667
2901,3099
3175,3762
-3920,3763
-3011,3260
2835,3150
2733,3504
-2248,1767
3298,3379
3602,3950
3220,3569
-3525,-4135
3134,3327
2565,3092
3066,3331
3203,3520
2771,3601
2949,3684
2924,3628
2809,3410
-1558,-3189
-1564,3371
3606,3692
-4731,2652
2512,3580
-1093,3479
2755,3829
-379,2955
2603,2854
3128,3450
2281,3268
-4534,2065
-3100,3385
3263,3590
2335,3640
2619,3425
3718,3793
3219,4035
2727,2830
1730,3897
-1029,3258
1973,3477
-1255,3207
3325,3329
2508,3255
2926,2995
3319,3902
-4153,-4423
-1439,3366
3487,3752
3291,3722
3191,4026
-691,3717
2291,2514
3488,3507
2671,3796
3358,3388
3517,3797
3248,3472
3416,4037
3018,3184
2742,3019
3117,3908
-4876,3426
3396,3693
3359,3619
2786,3362
-2293,-3868
3166,3660
-1107,697
2639,3671
3333,4015
-935,3259
-347,2982
3145,3670
2695,3885
3589,3611
1564,3463
2796,3354
3758,3792
2450,3527
3102,3776
-3778,3323
-1454,3455
2868,3909
3431,3854
-2092,-4134
-4141,2587
3540,3824
2941,3573
3596,3610
3110,3809
3031,3953
3139,3482
3446,3617
3648,3859
3476,3764
3246,3652
2824,4000
3770,3783
3478,3812
3101,3547
3143,3707
-1782,2424
3535,3845
2682,3706
2361,3376
2710,3402
2711,3245
3115,3513
2942,3759
3204,3489
2841,3630
2943,3236
2262,3457
2798,3774
3262,3789
-1293,-4565
-1608,3071
-592,-4261
2392,3600
3244,3372
3295,3921
-2581,2770
2109,4041
2946,3620
3435,3937
3040,3412
-4449,3943
-2257,4002
2870,3629
3365,3503
3378,3860
3672,4006
3283,4003
3368,3637
-1571,3498
-4892,3719
3434,3866
-351,-4741
3666,4034
3257,3532
3754,3985
1555,2697
2907,3761
3301,3420
2145,3456
3567,3980
3415,3568
3014,3735
3746,4027
3636,3818
3281,3795
3267,3932
-3316,3369
3311,3405
3708,3741
3557,3711
679,3993
3022,3804
3822,3842
2721,2883
-3034,3695
2440,2923
3749,4125
-2610,2303
3607,4162
3279,3399
3318,3958
3067,3864
3249,3729
3024,3883
3577,3738
3604,3817
3661,3927
2562,3843
3658,3847
3120,3955
-4072,3551
2986,3525
-1009,3021
2934,2971
3276,4036
-2007,3553
3559,3782
3848,4080
2815,4008
3324,3771
3192,3332
-363,-4759
3130,3578
-3777,3530
3108,3423
3541,3686
3483,4104
3342,3599
3627,3725
3787,3816
3070,3509
3502,3646
3656,3915
3595,3919
-3055,4058
2805,3386
3292,3697
3106,3777
-4628,3891
3651,3748
3353,3853
2715,3700
3625,3899
3865,4151
3512,3779
-1584,3876
3673,3838
3591,3880
3242,3674
3169,3642
3542,3826
-4725,4019
3505,4016
3721,3798
3780,4005
3445,3810
2785,3612
-4326,-4962
3406,3675
3751,3869
-4717,3394
3790,4050
-2991,2142
3863,4009
2948,3432
-2691,2810
3872,3882
3873,4131
3065,4154
3769,3831
2818,3252
-778,-1480
2801,4250
3496,4124
3827,3946
3155,4169
3395,3870
3039,3823
3618,4168
3922,4071
3639,4063
-306,-4085
-2425,3028
3544,3964
3543,3665
3987,4076
3491,3641
2969,4024
3734,3821
3731,3784
2665,3694
3485,3560
3867,4146
2775,3471
2113,3340
3012,3740
3794,3974
3447,3857
3439,3669
3896,4051
3205,3978
3615,3871
2789,4010
4004,4231
3094,4149
3562,3941
3574,3975
3957,4055
2412,3968
3966,4188
3702,3813
3585,3649
3773,4040
3886,4103
3868,3965
2255,3466
3712,4118
3355,3598
4082,4143
2657,3459
3739,3881
3348,3760
3973,4220
2626,4185
3709,3954
3193,3537
3277,3677
3918,4075
3940,4194
3554,3819
3951,4128
4105,4144
3841,3945
3685,4046
-476,-1885
3726,4126
3920,3944
3475,3999
-1252,3837
3284,3942
3239,3803
2833,3879
3493,3969
-3767,3393
-705,3705
2988,4282
3917,4155
3805,4023
3054,4323
3687,3925
3341,3887
-959,4067
3901,4332
3398,4112
-4095,4229
-3054,2788
2491,4007
3923,3967
3609,4171
3849,4064
-173,4087
-368,3096
-3816,-4829
4101,4115
2573,3458
3300,3997
3929,4210
3594,4065
3464,4025
3933,4083
3506,3961
-3906,4116
-1222,3514
3497,4114
2055,4234
3742,3839
3736,4247
3555,4193
-2803,3907
2214,3185
3588,3851
3659,3989
3981,4108
3732,3894
2991,3468
3750,4343
3935,4013
3657,3715
3802,4156
3668,3680
3419,3912
3182,4117
3392,4127
-2125,2856
3931,4333
3240,4177
2956,4272
3835,4090
3308,4303
3806,4293
3960,4187
3991,4202
4038,4059
3064,3808
4123,4189
3682,4261
2773,3714
-2498,4130
3861,3971
3820,4339
4049,4246
3737,3895
4001,4096
3801,4296
2640,3698
3643,3775
4129,4237
3984,4240
3992,4021
3310,3621
3713,3939
3701,4142
3679,4295
-4961,4163
4121,4137
3791,4273
3858,4301
3662,4286
3587,3947
3584,3976
2819,4175
3799,4139
4173,4269
3490,3688
3828,3910
3663,3683
3834,4158
3521,4159
-553,3088
3911,4081
3840,4079
-2325,2952
-832,-1527
4136,4307
4012,4304
3890,4182
2857,4411
3990,4132
3855,4044
3767,3948
4178,4217
3010,3173
3924,4271
-916,-941
3285,3811
3815,4091
3608,4152
3905,3983
3903,4066
4106,4122
3218,3850
4138,4328
-3449,3856
3418,3928
3387,4150
3526,4274
3703,4052
3082,4279
3575,4198
3959,4232
3745,3962
3996,4219
3878,4268
-1591,3832
4302,4414
3278,4184
4160,4391
3757,4228
-1681,4107
4057,4320
-1575,-4978
3913,4440
3936,4102
-3357,4321
3313,4209
3690,4215
4165,4289
4239,4356
3952,4119
4017,4406
4061,4077
3889,4084
3556,4216
4056,4135
4258,4361
3814,4385
4042,4054
-1033,4190
4223,4372
3930,4336
3938,4364
-4059,3893
4073,4221
4197,4262
3898,4039
3949,4147
-609,1970
4140,4164
4267,4424
-2236,4053
-827,4153
3545,4176
4074,4208
3934,4298
4069,4470
2545,4309
4294,4346
3900,4212
3254,4207
3381,4161
-4757,4047
3146,4191
4230,4359
4226,4350
4327,4341
3536,4238
4335,4389
3730,4319
3269,4465
3846,3888
4078,4199
4018,4031
4179,4360
3956,4466
3523,4458
3552,4313
-569,3724
3068,3825
3563,4263
4043,4291
-1419,3727
-1820,3634
4095,4452
4099,4200
3982,4141
3972,4500
4405,4464
3645,4110
3518,4353
-1413,3716
3564,4322
4092,4431
3655,4330
3988,4478
3699,4045
4060,4352
-4039,4358
4203,4308
4098,4329
-3585,3495
4113,4437
3807,4490
3194,4292
4085,4443
3755,4539
4235,4245
3994,4243
3480,3696
-1431,-4087
4028,4340
4029,4204
3337,4362
3836,3862
3998,4241
4020,4281
-4495,3330
4205,4524
-2874,4371
-1541,4120
4259,4520
4030,4529
3788,4086
4266,4345
4254,4519
4355,4398
3844,4252
4145,4174
4334,4399
3768,3772
3635,4180
4022,4311
4070,4508
4455,4580
3681,4357
3161,3778
4384,4400
4133,4183
4167,4354
-4091,4264
2702,4306
3597,4511
4432,4489
4287,4300
4134,4378
4417,4433
3874,4111
3391,3977
3926,4248
4148,4368
4483,4510
3632,4290
3582,4475
4033,4492
4222,4486
4427,4454
-1259,-4964
3786,4601
4316,4484
-404,-4796
3963,4401
4317,4412
4192,4397
3511,3728
4093,4446
3441,3558
-301,-1206
4260,4347
4381,4581
4379,4550
4062,4487
4331,4448
4265,4541
4256,4447
4324,4497
4485,4507
4088,4425
3781,4305
4253,4552
4407,4435
4396,4493
3345,4404
4213,4408
3676,4270
3384,4516
4211,4573
4097,4382
4491,4557
4032,4068
4423,4459
4224,4284
4419,4429
4278,4337
4218,4297
-1356,4617
4513,4610
4367,4451
4325,4342
-3722,4394
4242,4390
4172,4251
4439,4476
3228,3833
4206,4528
4502,4598
4517,4614
4299,4441
4170,4504
4214,4584
4554,4570
4509,4565
4436,4543
4255,4643
4109,4283
-1104,4181
4225,4338
4473,4595
4474,4624
4314,4579
4445,4619
-1366,-3919
4403,4471
4157,4618
3723,4655
4312,4629
4582,4637
4374,4438
3970,4410
4392,4603
4326,4661
4518,4596
4536,4561
-4546,4522
4089,4276
4351,4621
4393,4652
4480,4538
4227,4365
4196,4662
4575,4648
4402,4426
4395,4589
4499,4604
4545,4587
4409,4685
4380,4625
4387,4463
4482,4506
3875,3916
4569,4628
4418,4549
4416,4514
-848,4366
4527,4567
4348,4607
-530,-4339
4195,4383
4449,4647
-3053,4310
4420,4663
-2176,4011
4450,4671
-2440,4315
4415,4546
4559,4675
3906,4370
4501,4634
4494,4578
4472,4680
4616,4684
4072,4641
4373,4562
3914,4532
4515,4597
4434,4462
4288,4530
-4171,4377
4531,4691
4469,4653
4201,4599
4467,4605
4094,4456
4481,4608
-3649,-4595
4505,4623
4547,4698
4542,4558
3390,4457
4369,4526
4548,4666
4525,4713
3979,4249
4233,4731
4186,4386
4669,4718
4535,4591
-488,-1111
4430,4540
4659,4660
4553,4600
4544,4555
-62,-1614
4533,4692
4586,4594
4488,4571
4453,4551
4688,4748
4257,4735
-100,4577
4588,4678
4635,4727
4665,4702
4728,4742
4646,4683
4048,4100
4460,4689
4244,4741
-3828,3995
4572,4693
4523,4710
4651,4721
3986,4568
-4775,4318
-2933,4732
4363,4612
4664,4723
4676,4690
4639,4744
4658,4673
4687,4738
4236,4697
4632,4700
4280,4762
4349,4593
4422,4787
4442,4611
4626,4734
4496,4650
4705,4768
4636,4679
4602,4733
4275,4769
4725,4777
4682,4781
4657,4711
4563,4714
4576,4772
-4655,4479
4638,4764
4670,4780
4644,4716
4642,4686
4645,4719
4606,4790
4695,4758
4654,4793
4704,4789
4751,4754
4706,4791
4495,4672
-2303,4729
4656,4740
3631,4707
4753,4792
4285,4749
4715,4802
4620,4737
4498,4730
4585,4703
4344,4627
4375,4726
4717,4776
4631,4747
-1947,3689
4743,4808
4799,4828
4537,4779
4613,4810
4503,4801
4668,4812
4014,4782
4534,4720
4556,4667
4649,4674
4560,4807
4461,4681
4444,4806
4609,4756
4677,4814
4388,4794
4696,4803
-3029,4701
4819,4843
4592,4863
-2177,4166
4831,4837
4813,4864
4376,4752
4477,4845
4724,4815
4413,4795
4805,4829
4822,4840
4421,4708
4783,4853
4773,4852
4816,4848
4835,4862
4428,4755
4798,4800
-2583,4712
4766,4786
4759,4839
4746,4760
4796,4842
4633,4763
4774,4857
4566,4709
-605,-4190
-2724,4521
4771,4818
-3957,4750
4817,4867
4824,4858
4784,4825
4785,4811
4512,4826
4468,4851
4820,4886
4574,4583
4564,4804
3247,4865
4855,4866
4827,4885
4849,4902
4870,4897
4881,4896
-3285,4844
4869,4880
4615,4832
4590,4850
4830,4876
4739,4788
4745,4823
4836,4846
4875,4898
4861,4877
4797,4899
-931,4277
4878,4907
4860,4882
-3583,4847
4821,4874
4883,4890
4736,4879
4893,4916
4761,4887
4722,4906
4872,4912
4909,4914
4767,4884
-2291,4888
4699,4901
4904,4928
4630,4694
4908,4919
4889,4915
4859,4921
4871,4917
4770,4911
4622,4838
4765,4920
4923,4939
4918,4927
4833,4841
4775,4868
-3897,4809
4910,4930
4854,4938
4778,4856
4935,4940
-3374,4903
4894,4941
4924,4942
4931,4945
4932,4946
4933,4958
-1484,4950
4873,4926
4934,4953
-4689,4955
4936,4951
4947,4956
4922,4944
4900,4957
4895,4948
-1188,4892
-3202,4640
4937,4960
-4591,4967
4905,4972
-2433,4834
4954,4959
4962,4966
4949,4952
4968,4976
4891,4929
4943,4961
4913,4969
4965,4978
-1067,4971
4963,4975
4964,4977
4981,4983
-1501,4974
4973,4980
4987,4988
4982,4986
4979,4991
4984,4992
4985,4993
4925,4970
4989,4994
4990,4996
4995,4997
4757,4998
